"","OFT","PedCount","IfSideWalk","IfBikeLane","PopDen","JobDen","IntNum","TraStpNum","AADT","PerCommercial","PerOffice","PerIndustrial","PerOpenspace","Entropy","IfDowntown","PerChild","PerOld","PerMale","PerWhite","PerBlack","PerHisp","PerPoverty","AvgHHSize","AvgVeh","IfMain","IfSecondary","StrtLitNum","IfEst"
"199","M55NEXITR55W",53.3333333333,0,0,0,0,39,0,47000,0,0,0.256600423178307,0.23436587569387,0.344404757396744,0,0.39023389413213,0.10750923266311,0.457119409109561,0.0356996306934756,0.27041444398851,0.370947886745999,0.000328272466146902,5.09,1.19624217118998,1,0,6,0
"2026","054922301701",280,1,1,0,44.941630916092,33,0,9500,0.572516873298256,0.312972685245012,0,0,0.309828608330203,0,0.153358681875792,0.0418250950570342,0.496831432192649,0.652724968314322,0.247148288973384,0.0253485424588086,0.000329531051964512,1.94,1.62899262899263,0,1,0,0
"2114","060401220132",70,1,1,7.09184977467133,0,28,0,3400,0,0,0,0,0.00130379760244336,0,0.209850107066381,0.11277658815132,0.500356887937188,0.757316202712348,0.0735189150606709,0.0892219842969308,4.71092077087794e-05,2.41,1.80483592400691,0,1,0,0
"2186","026401621214",680,0,0,13.6993337980151,1.02233834313546,22,0,15700,0.0383804981598177,0,0.137102597717062,0,0.185901178003398,0,0.39023389413213,0.10750923266311,0.457119409109561,0.0356996306934756,0.27041444398851,0.370947886745999,0.000328272466146902,5.09,1.19624217118998,0,1,0,0
"2260","011724192211",4950,0,1,0,43.2281712877695,33,0,7900,0.734128284058288,0.182410222433575,0,0.0575940977861178,0.198176009408161,1,0.0493545937737282,0.0508731966590737,0.642369020501139,0.722854973424449,0.0683371298405467,0.00683371298405467,0.000231586940015186,1.64,0.901234567901235,0,0,7,0
"2497","024912281104",406,1,0,39.5644442192431,0,28,0,3200,0,0,0,0,0.00130380117557569,0,0.0124879923150817,0.0806916426512968,0.586935638808838,0.816522574447647,0.0614793467819404,0.0624399615754083,0.000287223823246878,1.5,0.784992784992785,0,0,2,0
"2588","026924051213",520,0,0,27.8310508550841,7.90987761144495,20,0,7800,0.274541592114577,0.129323890493809,0,0,0.309470883258625,0,0.150262467191601,0.041994750656168,0.576771653543307,0.423228346456693,0.111548556430446,0.326115485564304,0.000346456692913386,2.42,1.01589825119237,0,1,9,0
"2639","250848400619",30,1,0,8.515218886137,0.181174869917809,40,0,2697,0,0,0,0,0.00130373193818795,0,0.190274841437632,0.132135306553911,0.546511627906977,0.971458773784355,0.00105708245243129,0.0147991543340381,7.08245243128964e-05,2.47,1.95800524934383,0,0,0,0
"2705","008128022313",270,1,1,0,1.07926899409886,37,0,8500,0.0375054828411198,0.0719554866477341,0.362360370485716,0,0.254490445893243,0,0.0918984280532044,0.303506650544135,0.438935912938331,0.714631197097944,0.0471584038694075,0.120918984280532,0.000412333736396614,2.21,1.37254901960784,0,1,0,0
"2744","220313261508",1695,1,0,23.2413610419599,5.02249751330491,24,0,21600,0.482260944005195,0.0876888052438038,0,0,0.309410186077355,0,0.273339749759384,0,0.43888354186718,0.350336862367661,0.0327237728585178,0.598652550529355,0.000723772858517806,3.06,1.53097345132743,0,1,4,0
"2752","281500971612",160,1,1,10.6055367214613,0,42,0,4650,0.197921668779847,0.00539421756583747,0,0,0.176957382886859,0,0.0489596083231334,0.222766217870257,0.496940024479804,0.252141982864137,0.696450428396573,0.0244798041615667,0.00071358629130967,1.49,0.663023679417122,0,1,12,0
"2762","220622062824",2710,0,0,6.03761588630315,0.31776925717385,21,0,3550,0,0,0,0.230967106777473,0.270701577294052,0,0.123260437375746,0.150099403578529,0.44831013916501,0.865805168986084,0.0159045725646123,0.0347912524850895,0.000144135188866799,1.93,1.41458733205374,0,0,1,0
"2813","008123132304",105,1,0,4.81170791407243,14.7024408485546,45,0,5100,0.0606115276853023,0.0552218341552859,0.0710801332724779,0,0.171765672637433,0,0.0918984280532044,0.303506650544135,0.438935912938331,0.714631197097944,0.0471584038694075,0.120918984280532,0.000412333736396614,2.21,1.37254901960784,0,1,0,0
"2914","024401620172",650,1,0,53.5944555472536,0,33,0,6600,0,0.121043858685332,0,0.0836615067592141,0.215439961862235,0,0.298941798941799,0.128306878306878,0.529100529100529,0.0515873015873016,0.387566137566138,0.548941798941799,0.00113888888888889,2.09,0.714681440443213,0,0,2,0
"2995","231300810091",125,1,0,0,1.07926899409886,44,0,7800,0.0606115276853023,0,0.432220695597953,0,0.292401869214705,0,0.0918984280532044,0.303506650544135,0.438935912938331,0.714631197097944,0.0471584038694075,0.120918984280532,0.000412333736396614,2.21,1.37254901960784,0,1,0,0
"3024","004200570067",2110,0,1,0,2008.28728344825,31,0,6500,0.366192321294566,0.342735514462593,0,0.23719917152356,0.307754488086268,1,0.0350378787878788,0.111268939393939,0.746212121212121,0.359375,0.429924242424242,0.0430871212121212,0.000195075757575758,1.37,0.630522088353414,0,0,5,0
"3025","220329172323",2266.66666667,1,0,4.90156092676426,25.4243566770374,20,0,24300,0.763034088942392,0.235661185645766,0,0,0.273489910068275,0,0.232848232848233,0.0353430353430353,0.512474012474012,0.427234927234927,0.230769230769231,0.193347193347193,0.000467775467775468,2.64,1.02472527472527,0,1,5,0
"3050","008724192312",6610,1,1,0,1143.84672947092,30,0,7400,0.898305720744944,0.0670610998263141,0,0,0.130303213434856,1,0.0493545937737282,0.0508731966590737,0.642369020501139,0.722854973424449,0.0683371298405467,0.00683371298405467,0.000231586940015186,1.64,0.901234567901235,0,0,11,0
"3089","283502942835",640,0,0,13.1710184929914,13.6064240630077,21,0,6000,0,0,0,0.46097235238477,0.345297306795967,0,0.112789526686808,0.155085599194361,0.529707955689829,0.985901309164149,0.00805639476334341,0,0.0001067472306143,1.79,1.62454873646209,0,0,1,0
"3099","026216120097",435,0,0,80.170798449439,11.7245831724476,39,4,10500,0.129636396657483,0.0979510209069836,0,0.267362771190028,0.297630011780911,0,0.276958525345622,0.0313364055299539,0.479723502304147,0.205069124423963,0.742857142857143,0.00414746543778802,0.000314746543778802,2.04,0.750234741784038,0,1,0,0
"3204","042011032229",20,1,0,7.57108888287862,6.39336394554195,18,0,6000,0.479998654751406,0.0611162129044978,0,0.0327735950640671,0.249708607598308,0,0.0515267175572519,0.139312977099237,0.556297709923664,0.330152671755725,0.567748091603053,0.00763358778625954,0.000484732824427481,1.67,0.901116427432217,0,0,2,0
"3275","221101170107",2420,1,0,0,46.1840723741248,33,0,6700,0.495723311413545,0.502971966214154,0,0,0.346760190363426,1,0.0493545937737282,0.0508731966590737,0.642369020501139,0.722854973424449,0.0683371298405467,0.00683371298405467,0.000231586940015186,1.64,0.901234567901235,0,0,7,0
"3336","161412081514",180,1,0,16.5693841112356,4.70488684640022,26,0,6100,0,0.0702599238547943,0.106669144244108,0,0.195539738007236,0,0.0958254269449715,0.183111954459203,0.522770398481973,0.88899430740038,0.0265654648956357,0.0284629981024668,0.000144212523719165,2.12,1.68825910931174,0,1,1,0
"3343","161202020212",386.666666667,1,0,25.9476657557829,5.22557157581739,36,0,13900,0.337690304947002,0.223318090174846,6.94448561953783e-05,0,0.26592774129442,0,0.0673813169984686,0.0995405819295559,0.64624808575804,0.378254211332312,0.51301684532925,0.0551301684532925,0.000719754977029096,1.97,0.932098765432099,0,1,6,0
"3386","11121221DEDN",10,0,0,0,0,19,0,2697,0,0.196817045240244,0.554950752885751,0,0.330695719965613,0,0.0102239532619279,0.0311587147030185,0.561343719571568,0.843719571567673,0.0189873417721519,0.0282375851996105,0.000259980525803311,3.17,2.30401234567901,0,0,0,0
"3401","017204340424",45,1,0,12.8032405849877,0,26,0,2697,0,0,0,0,0.00130379736084369,0,0.22022022022022,0.036036036036036,0.401401401401401,0.520520520520521,0.311311311311311,0.12012012012012,0.000295295295295295,2.42,1.42857142857143,0,0,0,0
"3497","007522402241",96.25,1,0,0,27.8120491815622,55,0,9200,0.0230470439650302,0.0102913323250728,0.0342085968259438,0,0.0789696965142003,0,0.300378429517502,0.0075685903500473,0.564333017975402,0.533585619678335,0.352885525070956,0.06480605487228,0.000218543046357616,1.52,1.13914027149321,1,0,7,0
"3562","011200570037",183.333333333,0,0,0,1.01773785403817,37,0,8100,0.443848039260175,0.000991258744249222,0.408654625723998,0,0.253316540914833,1,0.161704076958314,0.1319285387082,0.45716903344022,0.65277141548328,0.245991754466331,0.0105359596885021,0.000121392579019698,1.73,1.43458475540387,0,0,8,0
"3595","3309X17CX17C",743.75,1,0,0.0832276460869039,9.23826871564634,49,0,18300,0.0623737085420961,0.0422206234361532,0,0,0.135589077376384,1,0.0229885057471264,0.09263015551048,0.457065584854632,0.589587559161596,0.085868830290737,0.0743745774171738,0.000423258958755916,1.86,0.767879548306148,0,1,1,0
"3598","002502400260",90,0,0,0,3.647277763478,29,0,5900,0.00594429200477701,0,0.99275105627594,0,0.0188445139897833,0,0.271375464684015,0.0315985130111524,0.513011152416357,0.237918215613383,0.239776951672862,0.0130111524163569,0.0011635687732342,2.32,1.1057268722467,0,0,0,0
"3605","028401020112",230,1,1,15.7614794944632,0,19,0,10600,0,0.105434511579186,0.11030525795476,0.0401454736570911,0.207571680667594,0,0.29624224735498,0.0361182050346589,0.559284932506385,0.161984677125137,0.414812112367749,0.274717256475739,0.000186063480481576,3.24,1.1371158392435,0,1,0,0
"3611","151526160140",90,1,1,2.20933299408765,10.7704983461773,44,0,4350,0.0806916734778882,0.291055784930987,0.0684981753182118,0,0.267832759455968,0,0.303523035230352,0.0670731707317073,0.401761517615176,0.220867208672087,0.43970189701897,0.0840108401084011,0.000456639566395664,3.15,1.29596412556054,0,1,3,0
"3625","038426182505",480,1,0,22.3667475290385,1.01667034222902,25,0,11400,0.176470551097867,0,0,0,0.233524734885505,0,0.316923076923077,0.0476923076923077,0.615384615384615,0.392307692307692,0.418461538461538,0.170769230769231,0.00104615384615385,3.19,1.97549019607843,0,1,0,0
"3663","050923421704",130,1,0,7.00353402105471,2.41501173139818,26,0,12300,0,0.296652085426505,0,0.17091660158119,0.332833644729097,0,0.221260815822002,0.187886279357231,0.49938195302843,0.830655129789864,0.0284301606922126,0.0111248454882571,5.19159456118665e-05,2.81,2.09027777777778,0,1,0,0
"3744","006300580068",225,1,0,12.1597461980078,0,34,0,2697,0,0,0,0,0.00130375225163688,0,0.0110236220472441,0.0110236220472441,0.555905511811024,0.855905511811024,0.0228346456692913,0.0165354330708661,0.000573228346456693,2.36,1.63265306122449,0,0,0,0
"3845","4999CDSW1521",190,0,0,0,0,19,0,2697,0,0,0,0.299307962506707,0.305558124109179,0,0.143373493975904,0.275903614457831,0.516867469879518,0.855421686746988,0.0072289156626506,0.0204819277108434,0.000131325301204819,2.08,1.61436170212766,0,0,0,0
"3897","251527020450",80,1,0,10.2984148843472,0,48,1,9200,0.00764809183709573,0,0,0.400108679861373,0.238212624519176,0,0.219350073855244,0.104874446085672,0.409158050221566,0.693500738552437,0.144756277695716,0.127031019202363,0.000159527326440177,2.42,1.55116696588869,0,1,0,0
"3910","025200971234",500,1,0,0,0,45,0,10500,0.137571085720534,0.146881244221375,0,0.0181846144399787,0.219922883737301,0,0.0794223826714801,0.00825167612171222,0.522949974213512,0.525528623001547,0.291387313047963,0.0484785972150593,0.000434760185662713,2.72,0.898591549295775,0,1,2,0
"3927","050912281104",760,1,0,12.2676092596588,10.2565257744689,25,0,12900,0.148646728203731,0.0405329428083221,0,0,0.194782667960778,0,0.221260815822002,0.187886279357231,0.49938195302843,0.830655129789864,0.0284301606922126,0.0111248454882571,5.19159456118665e-05,2.81,2.09027777777778,0,1,2,0
"3944","004801530143",2040,0,0,0,26.4803257414819,33,0,16100,0.472456230454951,0.168543817009491,0,0,0.340697313856354,0,0.0164051355206847,0.014265335235378,0.553495007132668,0.656918687589158,0.0121255349500713,0.0427960057061341,0.000579885877318117,2.84,0.864197530864197,0,0,8,0
"4313","038402920302",1185,1,0,3.48733150621248,1.62742136956582,23,1,10300,0.0669128916073179,0,0,0,0.123396401024958,0,0.244121715076072,0.232365145228216,0.435684647302905,0.648686030428769,0.0975103734439834,0.0338865836791148,0.00026625172890733,2.39,1.57874762808349,0,1,3,0
"4339","261102191613",375,1,0,10.2339997919613,0,21,0,2700,0.0257646372985085,0.291907424493469,0,0.137974049460137,0.264635712310597,0,0.148387096774194,0.0658064516129032,0.574838709677419,0.914193548387097,0,0.00709677419354839,6.12903225806452e-05,2.61,2.13131313131313,0,1,0,0
"4345","040401120122",40,1,0,13.4008795219046,0.824669509040281,22,0,2697,0,0,0,0,0.00130383124520002,0,0.169757489300999,0.0513552068473609,0.483594864479315,0.780313837375178,0.119828815977175,0.0199714693295292,4.85021398002853e-05,2.48,1.95053003533569,0,0,0,0
"4376","182322012307",520,1,0,34.2907873328798,0,41,0,2697,0.174894711833237,0.0165399625821715,0,0.314788027864458,0.271365971033083,0,0.036036036036036,0.0495495495495495,0.469594594594595,0.719594594594595,0.0202702702702703,0.0596846846846847,0.000289414414414414,1.48,1.09,0,0,0,0
"4407","261801941612",446.666666667,0,0,25.8538263754573,2.61443188066422,31,0,11900,0,0.210847153401986,0,0,0.258035767420077,0,0.307352128247651,0.0337202874516307,0.603095632946379,0.327805417357656,0.360420121614151,0.236042012161415,0.00040685461580984,2.81,0.929896907216495,0,0,1,0
"4471","015922112405",1005,1,0,37.1431991166816,22.2296418955898,40,0,5600,0.514559573311593,0.0926380250509081,0,0,0.309808003477733,1,0.118002195389682,0.136114160263447,0.529637760702525,0.636663007683864,0.200878155872667,0.0784851811196487,0.000267837541163557,1.51,0.720099667774086,0,0,2,0
"4506","043932093107",820,1,0,11.5858732627984,8.29698020755238,26,0,2697,0.492290238956594,0.128610297883246,0,0,0.326800754902378,0,0.229135053110774,0.154779969650986,0.484066767830046,0.905918057663126,0.00606980273141123,0,0.000106221547799697,2.39,1.61397058823529,0,0,3,0
"4514","04240342M55S",70,1,0,4.35981604831001,0,27,0,8000,0.131495192677816,0,0.0419048782484802,0,0.186060293715725,0,0.214435146443515,0.153765690376569,0.48326359832636,0.906903765690377,0.00732217573221757,0.0387029288702929,0.000120292887029289,2.17,1.66136363636364,0,1,0,0
"4591","005200770067",300,1,1,0,30.588180676399,32,0,9600,0.139867001459564,0.794423570531394,0,0,0.211529673648432,1,0.0350378787878788,0.111268939393939,0.746212121212121,0.359375,0.429924242424242,0.0430871212121212,0.000195075757575758,1.37,0.630522088353414,0,0,6,0
"4650","290223043105",70,1,0,0.223577343388646,4.91870155455021,14,0,5400,0,0,0.746112069431284,0,0.283039499245252,0,0.213310580204778,0.0802047781569966,0.469283276450512,0.737201365187713,0.121160409556314,0.0426621160409556,0.000436860068259386,2.26,1.59459459459459,0,0,8,0
"4661","M55S03840424",40,1,0,0,0,20,0,27000,0,0,0.312398004405045,0,0.310910377966865,0,0.187358916478555,0.0778781038374718,0.568848758465011,0.714446952595937,0.0169300225733634,0.203160270880361,0.000343115124153499,2.46,1.69722222222222,1,0,23,0
"4686","261800370047",470,0,0,0,0,37,0,4800,0.243234175692014,0.483063866222726,0,0,0.349866309531377,1,0.161704076958314,0.1319285387082,0.45716903344022,0.65277141548328,0.245991754466331,0.0105359596885021,0.000121392579019698,1.73,1.43458475540387,0,0,5,0
"4719","132525072403",80,0,0,0,0,36,0,2697,0,0,0,0.841190174264095,0.218294777275964,0,0.203262233375157,0.135508155583438,0.543287327478043,0.821831869510665,0.0338770388958595,0.0539523212045169,0.000156838143036386,2.19,1.78947368421053,0,0,0,0
"4755","1612EXIT2858",786.25,1,1,0,0,31,0,9500,0,0,0,0.0259311734815818,0.0607851387771842,0,0.0489596083231334,0.222766217870257,0.496940024479804,0.252141982864137,0.696450428396573,0.0244798041615667,0.00071358629130967,1.49,0.663023679417122,0,1,28,0
"4806","024922301701",725,1,0,27.5125832032991,1.44803069491048,22,0,4450,0.101115669614587,0,0,0,0.164346042337505,0,0.0315893385982231,0.0918065153010859,0.471865745310958,0.790720631786772,0.071076011846002,0.0454096742349457,0.000466929911154985,1.66,1.13725490196078,0,0,0,0
"4811","007726180052",850,0,0,66.6208715152924,14.1079492620619,32,0,14500,0.0626180419760067,0.644606643202452,0,0,0.271960675567128,1,0.0317700453857791,0.0403429147755925,0.640443772062532,0.671205244578921,0.169944528492184,0.0423600605143722,0.00016439737771054,1.53,0.930915371329879,0,0,4,0
"4858","033912281104",120,1,0,21.8407888158715,0,25,0,2697,0,0,0,0,0.00130381964205719,0,0.115068493150685,0.0917808219178082,0.550684931506849,0.878082191780822,0.00821917808219178,0.0315068493150685,0.000238356164383562,1.5,1.1093023255814,0,0,0,0
"4905","220118091823",460,0,0,34.2907873328798,0,33,0,13800,0.498995663396624,0.08838053427351,0,0.130364467632371,0.295899444220624,0,0.036036036036036,0.0495495495495495,0.469594594594595,0.719594594594595,0.0202702702702703,0.0596846846846847,0.000289414414414414,1.48,1.09,0,0,7,0
"4973","022122162006",83.3333333333,1,1,19.2625344725225,3.04145281145092,24,0,2697,0.0174295187969489,0.0589719974867852,0,0,0.104039915576492,0,0.0767072029934518,0.147801683816651,0.507951356407858,0.920486435921422,0.00187090739008419,0.00935453695042095,0.000171188026192703,2,1.38983050847458,0,0,0,0
"5014","122222290055",250,1,0,0,18.0548488585515,42,0,20300,0.603795545266666,0.0394122318803866,0.355487650489593,0,0.266580524108629,0,0.356666666666667,0.0416666666666667,0.431666666666666,0.105,0.416666666666667,0.0333333333333333,0.00124666666666667,4.14,1.59310344827586,0,1,8,0
"5018","300717120210",50,1,0,12.4371439676973,0,32,0,2697,0,0,0,0,0.00130388420321364,0,0.295364238410596,0.0344370860927152,0.487417218543046,0.329801324503311,0.341721854304636,0.214569536423841,0.000679470198675497,2.78,1.58455882352941,0,0,0,0
"5057","1221C88N1112",70,1,0,0,0,19,0,12500,0,0.147166130252343,0.547041668793767,0,0.324688204591077,0,0.0102239532619279,0.0311587147030185,0.561343719571568,0.843719571567673,0.0189873417721519,0.0282375851996105,0.000259980525803311,3.17,2.30401234567901,0,1,2,0
"5137","002501002616",165,1,1,3.94582527818033,6.91679960528081,29,0,3950,2.84302453710672e-05,0,0.855807431153695,0,0.137181503215012,1,0.0382014874915483,0.0476673427991886,0.515889114266396,0.905679513184584,0.0172413793103448,0.0101419878296146,2.09601081812035e-05,1.49,1.25959595959596,0,0,0,0
"5144","026026102507",413.75,1,1,19.1386562941515,0,36,0,4550,0.0718833472159268,0,0,0,0.129845050308063,0,0.219399538106236,0.0369515011547344,0.533487297921478,0.155889145496536,0.418013856812933,0.0831408775981524,0.00066743648960739,4.33,1.75,0,0,0,0
"5163","171230072911",200,1,0,19.3765230971875,0,24,0,5000,0,0,0,0.0330814126536248,0.0732776496850366,0,0.223004694835681,0.0328638497652582,0.542253521126761,0.173708920187793,0.622065727699531,0.00938967136150235,0.000582159624413145,3.01,1.4452296819788,0,1,2,0
"5174","005700222312",3300,0,0,0,470.11233244416,31,0,1600,0.71380267537155,0.0894481919557265,0,0,0.258551029741054,1,0.0350378787878788,0.111268939393939,0.746212121212121,0.359375,0.429924242424242,0.0430871212121212,0.000195075757575758,1.37,0.630522088353414,0,0,5,0
"5206","261003600370",290,1,0,26.5752330572834,0,24,0,8500,0.0562290490191812,0,0,0,0.108845672405256,0,0.268733850129199,0.0404823428079242,0.540051679586563,0.380706287683032,0.388458225667528,0.0956072351421189,0.000345391903531438,2.66,1.65668202764977,0,1,0,0
"5250","007723122419",6100,0,0,0,4061.93931726889,28,1,17100,0.979799534787784,0.0159792624875277,0,0,0.0343724862328924,1,0.0350378787878788,0.111268939393939,0.746212121212121,0.359375,0.429924242424242,0.0430871212121212,0.000195075757575758,1.37,0.630522088353414,0,0,11,0
"5262","310705190509",90,1,0,14.7038031746272,0,27,0,1150,0,0,0,0,0.00130388852339724,0,0.327479338842975,0.0723140495867769,0.480371900826446,0.869834710743802,0.0103305785123967,0.0278925619834711,6.92148760330579e-05,2.37,1.39705882352941,0,0,0,0
"5341","223016132809",780,1,0,31.0576043577864,13.0965801508738,44,0,32000,0.289040252709213,0.221128647417797,0,0,0.347466932748145,1,0,0.0251968503937008,0.593700787401575,0.845669291338583,0.0251968503937008,0,0.000352755905511811,1.36,1.06223175965665,0,0,1,0
"5378","161223200232",730,1,1,89.3020919418261,15.0037116837746,33,0,13900,0.229173918710726,0,0,0,0.269620130057155,0,0.276958525345622,0.0313364055299539,0.479723502304147,0.205069124423963,0.742857142857143,0.00414746543778802,0.000314746543778802,2.04,0.750234741784038,0,1,0,0
"5456","121302690279",270,0,1,31.1881286722173,1.99726932383658,22,0,8000,0.0360836014747066,0.109281817333861,0,0,0.165714480144342,0,0.150262467191601,0.041994750656168,0.576771653543307,0.423228346456693,0.111548556430446,0.326115485564304,0.000346456692913386,2.42,1.01589825119237,0,1,0,0
"5469","026033080025",60,1,1,0,3.647277763478,27,0,2300,0.066971228641494,0,0.836434466208524,0,0.184819772289634,0,0.271375464684015,0.0315985130111524,0.513011152416357,0.237918215613383,0.239776951672862,0.0130111524163569,0.0011635687732342,2.32,1.1057268722467,0,0,0,0
"5500","001700220032",480,1,0,0,0,27,0,9400,0,0.487688725522482,0,0.0608077289704357,0.293250282957892,1,0,0.0503412969283277,0.440273037542662,0.686006825938567,0.0401023890784983,0,0.000111774744027304,1.43,1.03775883069428,0,0,7,0
"5531","220324050012",920,1,0,0,0,26,0,20000,0.836399943588325,0.0495655252453147,0.0228765272547279,0,0.150316770221051,0,0.175925925925926,0.0439814814814815,0.5625,0.604166666666667,0.275462962962963,0.0578703703703704,0.00107175925925926,2.18,1.13450292397661,0,1,3,0
"5532","261600252829",40,1,0,0,0,22,0,7500,0,0,0.997963802820686,0.00073145154806249,0.00365777684252933,0,0.207525655644242,0.168757126567845,0.548460661345496,0.172177879133409,0.75484606613455,0.0273660205245154,0.00068072976054732,1.94,0.745575221238938,0,1,7,0
"5557","006724192312",300,1,1,0,1575.48434722958,30,0,16800,0.880882754719271,0.0627298946611721,0,0,0.148365690682955,1,0.0350378787878788,0.111268939393939,0.746212121212121,0.359375,0.429924242424242,0.0430871212121212,0.000195075757575758,1.37,0.630522088353414,0,0,6,0
"5578","240502241612",1820,1,0,46.5020808313014,35.9400940178827,28,0,11800,0.166098040892011,0.203618304819389,0,0,0.304622104337615,0,0.0638138138138138,0.0135135135135135,0.56981981981982,0.54954954954955,0.196696696696697,0.225975975975976,0.000410660660660661,1.65,0.836526181353768,0,1,18,0
"5647","009724192211",7290,0,0,0,1309.1277028648,31,0,10100,0.960126501140542,0.00690974046654185,0,0,0.0609176606977345,1,0.0493545937737282,0.0508731966590737,0.642369020501139,0.722854973424449,0.0683371298405467,0.00683371298405467,0.000231586940015186,1.64,0.901234567901235,0,0,9,0
"5656","019200470037",1290,1,0,0,0.451694632011788,35,2,11400,0.163217044011446,0.764052996402066,0,0,0.22999279262499,0,0,0,0.45331223151707,0.768030748360841,0.0119828170924712,0.0198959981912729,0.000214560253221795,3.58,0.701298701298701,0,1,1,0
"5657","330800900100",700,1,1,17.3465416804103,125.312809463834,25,0,14800,0.299744508479156,0.116136444582048,0.205100155919238,0,0.325965157809831,1,0.0382014874915483,0.0476673427991886,0.515889114266396,0.905679513184584,0.0172413793103448,0.0101419878296146,2.09601081812035e-05,1.49,1.25959595959596,0,0,6,0
"5666","042402820292",455,1,0,2.997147321698,8.99144196509401,23,0,8000,0.317640277719244,0.0866960117276119,0,0,0.29517041118184,0,0.161874334398296,0.129925452609159,0.422790202342918,0.814696485623003,0.0351437699680511,0.0244941427050053,0.000199148029818956,2.28,1.72330097087379,0,1,0,0
"5667","024403120322",150,1,0,13.9015327236791,0,28,0,2697,0.0354559410825336,0,0,0,0.0772401316098308,0,0.115146147032772,0.116031886625332,0.471213463241807,0.937112488928255,0.00531443755535872,0.0327723649247121,0.000137289636846767,2.16,1.56513409961686,0,0,0,0
"5676","161202320242",600,1,0,89.3020919418261,15.0037116837746,33,0,13900,0.304864213506357,0,0,0,0.307879314850306,0,0.276958525345622,0.0313364055299539,0.479723502304147,0.205069124423963,0.742857142857143,0.00414746543778802,0.000314746543778802,2.04,0.750234741784038,0,1,0,0
"5683","330800252631",30,0,0,0,0.878685238643865,15,0,5600,0,0,0.820043582418686,0,0.235194911980325,0,0.347962382445141,0.0417972831765935,0.438871473354232,0.171368861024033,0.427377220480669,0,0.000658307210031348,3.64,1.73764258555133,0,1,0,0
"5691","002500200030",1050,1,0,12.5690750728636,120.411739198033,32,0,4550,0.468387876158478,0.149602394170982,0.117214062985609,0,0.310542269107691,1,0.0382014874915483,0.0476673427991886,0.515889114266396,0.905679513184584,0.0172413793103448,0.0101419878296146,2.09601081812035e-05,1.49,1.25959595959596,0,0,6,0
"5699","014413261508",1220,1,0,0,0,41,0,2550,0.0771032707255077,0.848572348157168,0,0.0597861393679986,0.140643138240361,1,0.0419847328244275,0.00699745547073791,0.533715012722646,0.555979643765903,0.325063613231552,0.0235368956743003,0.00044910941475827,1.46,0.579804560260586,0,0,0,0
"5851","020223230087",772.5,1,1,0,4.53906786760846,42,0,4600,0.00019486723327783,0.164119680838903,0,0,0.149777584652996,0,0.276958525345622,0.0313364055299539,0.479723502304147,0.205069124423963,0.742857142857143,0.00414746543778802,0.000314746543778802,2.04,0.750234741784038,0,0,0,0
"5862","180916131338",770,0,0,0,24.2317655042146,42,0,27000,0.292311852057478,0.242584422464883,0,0,0.353153614364027,0,0,0.0251968503937008,0.593700787401575,0.845669291338583,0.0251968503937008,0,0.000352755905511811,1.36,1.06223175965665,0,1,7,0
"5872","005500500055",1330,0,0,0,6.68766256273788,24,0,2250,0.20313590213161,0.445588973678821,0.061198771341125,0,0.303406305975975,1,0.300378429517502,0.0075685903500473,0.564333017975402,0.533585619678335,0.352885525070956,0.06480605487228,0.000218543046357616,1.52,1.13914027149321,1,0,1,0
"5891","032402120222",325,1,0,14.5925369745004,0.148903438515311,23,0,1300,0,0.0550657686200422,0,0,0.107199556773353,0,0.102150537634409,0.0193548387096774,0.560215053763441,0.534408602150538,0.235483870967742,0.109677419354839,0.000511827956989247,1.91,1.31779661016949,0,0,0,0
"5923","046429230022",445,1,0,0,0,25,4,17500,0,0,0,0,0.00130387135074675,0,0.194488188976378,0.116535433070866,0.511811023622047,0.699212598425197,0.237007874015748,0.0149606299212598,0.00011259842519685,2.48,1.7244094488189,0,1,4,0
"5944","006300283104",1060,1,1,44.7021116863696,3.33981294208509,24,0,3000,0.0701066556678924,0.0381572980182594,0.267010385825638,0,0.239528511099779,0,0.0110826939471441,0.143222506393862,0.520886615515772,0.734015345268542,0.0835464620630861,0.0716112531969309,0.000391304347826087,1.49,0.943643512450852,0,0,0,0
"5949","006700420052",1940,1,0,0,0,30,0,13500,0.444087429032474,0.513322538065932,0,0.0412852698846219,0.278125613473389,1,0.0350378787878788,0.111268939393939,0.746212121212121,0.359375,0.429924242424242,0.0430871212121212,0.000195075757575758,1.37,0.630522088353414,0,0,5,0
"6040","261702810291",100,1,0,9.56408306900967,1.42747508492682,27,0,2697,0.0582948135073252,0,0,0,0.11173753893871,0,0.175660160734788,0.0677382319173364,0.483352468427095,0.680826636050517,0.00803673938002296,0.218140068886338,0.000165327210103329,2.52,1.55780346820809,0,0,0,0
"6117","054926112508",80,1,0,11.8808212721076,9.66575289934174,28,0,5200,0.235380207442564,0.112432458664681,0,0,0.288568669081641,0,0.199556541019956,0.160753880266075,0.460088691796009,0.834811529933481,0,0.0609756097560976,5.7649667405765e-05,2.43,1.50943396226415,0,1,0,0
"6228","150131050046",1400,1,1,0,45.195956588886,36,0,8700,0.538850880220145,0.0121926590471972,0,4.90363516396595e-05,0.186801027833007,0,0.086899275839368,0.235681369321922,0.451612903225806,0.73798551678736,0.0118499012508229,0.0427913100724161,8.82159315339039e-05,1.71,1.39729119638826,0,0,4,0
"6238","040926152614",70,1,0,16.803373626935,0,23,0,3300,0,0,0,0,0.00130382986553874,0,0.145386766076421,0.0773532152842498,0.592730661696179,0.92264678471575,0.00372786579683131,0,8.29450139794967e-05,2.55,1.83770883054893,0,0,0,0
"6242","027200971612",170,0,1,35.3823977503871,9.10424269600602,45,0,2550,0.533099752590866,0.011906488390676,0,0,0.24888949042654,0,0.0489596083231334,0.222766217870257,0.496940024479804,0.252141982864137,0.696450428396573,0.0244798041615667,0.00071358629130967,1.49,0.663023679417122,0,0,2,0
"6317","160629251221",63.3333333333,1,0,0,0,33,0,2697,0,0.0449164074167156,0,0.511525265436221,0.281033638375164,0,0.0834862385321101,0.055045871559633,0.463302752293578,0.61651376146789,0.175229357798165,0.104587155963303,0.000447706422018349,2.55,1.76705882352941,0,0,0,0
"6363","281513080192",1597.5,0,0,18.7368525551886,17.2324337368888,41,0,9800,0.455768441189817,0.236067311807139,0,0,0.353812785649353,0,0.0794223826714801,0.00825167612171222,0.522949974213512,0.525528623001547,0.291387313047963,0.0484785972150593,0.000434760185662713,2.72,0.898591549295775,0,1,4,0
"6469","222600252227",70,1,0,0,0,10,0,16500,0,0,0.997007685544766,0,0.00688066751838805,0,0.189274447949527,0.10410094637224,0.400630914826498,0.0646687697160883,0.632492113564669,0.0205047318611987,0.00116876971608833,2,0.365930599369085,0,1,48,0
"6474","161202920302",500,0,0,122.419285831921,2.66128882243306,42,0,9500,0.28471381932853,0,0,0,0.299108371437349,0,0.160896130346232,0.163951120162933,0.470468431771894,0.892057026476578,0.00916496945010183,0.00814663951120163,0.000153767820773931,2.14,1.18818380743982,0,1,0,0
"6508","132622030284",1605,1,0,14.1051844633441,5.31234220048023,24,0,11400,0.428249421484569,0.262562361502041,0,0.229983372480327,0.312784213650068,0,0.262359275575135,0.1071953010279,0.486539402838962,0.147821830641214,0.560450318159569,0.224669603524229,0.000374449339207048,2.56,0.848180677540778,0,0,30,0
"6549","22032835BDRY",732.5,0,0,0,0,26,0,19600,0,0,0,0.265027969058816,0.289576169407036,0,0.112789526686808,0.155085599194361,0.529707955689829,0.985901309164149,0.00805639476334341,0,0.0001067472306143,1.79,1.62454873646209,0,1,30,0
"6595","250504040394",70,1,0,19.0839910401046,0,24,0,2697,0,0,0,0.00127147849976529,0.00552529877012127,0,0.146088595664467,0.0933081998114986,0.531573986804901,0.622054665409991,0.10933081998115,0.0857681432610745,0.000362865221489161,2.37,1.61538461538462,0,0,0,0
"6687","132029251221",150,1,1,0,0,41,0,13900,0,0,0.00143350205669854,0.0792955883368091,0.0963132157671126,0,0.101014760147601,0.0816420664206642,0.534132841328413,0.620848708487085,0.195571955719557,0.156826568265683,0.000238929889298893,1.9,1.1140350877193,0,1,9,0
"6701","034403620372",160,1,0,14.5646884550582,0.404574679307171,20,0,920,0.0298472670385686,0,0,0.404477093495241,0.264591602325983,0,0.114343029087262,0.119358074222668,0.520561685055166,0.821464393179539,0,0.0581745235707121,0.000127382146439318,2.25,1.9009009009009,0,1,0,0
"6787","250133101206",3040,1,0,0.0213374773189662,14.530822054216,31,0,8000,0.309576334298683,0.628656850344125,0,0,0.274812811787808,0,0,0,0.601831896551724,0.797952586206897,0.0172413793103448,0.0441810344827586,0.00052801724137931,3.38,0.747706422018349,0,0,0,0
"6821","210321062418",180,0,0,7.73678257354111,0.725323366269479,36,0,11158,0,0.149792684755382,0,0.633193125320359,0.301532833262167,0,0.17741935483871,0.0951612903225806,0.545161290322581,0.779032258064516,0.0645161290322581,0.0516129032258065,7.58064516129032e-05,2.47,1.91633466135458,0,0,0,0
"6851","220412281104",1466.66666667,1,0,23.0507770328762,7.89125700224592,25,0,22600,0.349082784484126,0,0,0,0.323810053670942,0,0.115068493150685,0.0917808219178082,0.550684931506849,0.878082191780822,0.00821917808219178,0.0315068493150685,0.000238356164383562,1.5,1.1093023255814,0,1,4,0
"6896","122803490339",90,1,1,21.8407888158715,0,24,0,3100,0,0,0,0,0.00130377053691961,0,0.0273794002607562,0.0625814863102999,0.42503259452412,0.903520208604954,0.00391134289439374,0.0325945241199478,0.000251629726205997,2.01,1.86387434554974,0,1,0,0
"6941","330900320042",790,1,0,0.12659928445264,72.6679892758152,33,0,22500,0.584630271655779,0.159494371624357,0,0,0.318301424182774,1,0,0.0503412969283277,0.440273037542662,0.686006825938567,0.0401023890784983,0,0.000111774744027304,1.43,1.03775883069428,0,0,11,0
"7038","121501920202",240,1,0,27.373957745783,1.4560615822225,18,0,2697,0,0,0,0.697902112282022,0.306185767427189,0,0.0229885057471264,0.09263015551048,0.457065584854632,0.589587559161596,0.085868830290737,0.0743745774171738,0.000423258958755916,1.86,0.767879548306148,0,0,8,0
"7093","010300580068",543.333333333,1,0,48.9902637849727,29.1512313431243,45,0,8200,0,0.0513681983367891,0,0,0.101879583472818,0,0.0215716486902928,0.00500770416024653,0.472265023112481,0.831664098613251,0.0327426810477658,0.00924499229583975,0.000275423728813559,2.96,1.46753246753247,0,1,0,0
"7150","014331040048",4160,1,0,60.5299068402913,61.555837464703,30,0,1650,0.350122570723207,0.294321563070389,0,0,0.365015723228946,0,0.0164051355206847,0.014265335235378,0.553495007132668,0.656918687589158,0.0121255349500713,0.0427960057061341,0.000579885877318117,2.84,0.864197530864197,0,0,8,0
"7179","132022270261",1241.25,1,0,13.4049767075647,35.458325484526,22,0,15400,0.506917856069045,0.0652094506176387,0.0324227606712821,0,0.250143098123077,0,0.214285714285714,0.0813492063492064,0.4375,0.550595238095238,0.0823412698412698,0.0753968253968254,0.000423611111111111,2.3,1.58986175115207,0,1,20,0
"7183","2230R231RLYN",447.5,1,0,0,0,48,0,32000,0,0.0158499326101371,0,0,0.0413490009094096,0,0,0.183811129848229,0.501686340640809,0.768128161888701,0.036256323777403,0.0311973018549747,0.000279089376053963,1.27,1.02646085997795,0,0,6,0
"7269","038912132405",405,1,0,8.95963274167036,4.33982210924658,22,0,4250,0.263829127028582,0.0536367296165705,0,0,0.256649859811489,0,0.166505324298161,0.0755082284607938,0.590513068731849,0.56243949661181,0.0619554695062923,0.250726040658277,0.000229428848015489,2.72,1.71842105263158,0,1,0,0
"7287","261113111829",230,1,0,10.0129318409026,4.72832892487067,32,0,5700,0.0772858488880026,0,0.0747705159182841,0.0188336026325346,0.155755256762297,0,0.145175064047822,0.0751494449188728,0.499573014517506,0.824081981212639,0.0964987190435525,0.0196413321947054,6.14859094790777e-05,2.19,1.77383177570093,0,1,0,0
"7399","033913011904",270,1,0,12.0727059402491,0,20,0,2697,0,0,0,0.180172465189979,0.23634966644443,0,0.0662068965517241,0.115862068965517,0.612413793103448,0.961379310344828,0,0.0193103448275862,4.96551724137931e-05,1.8,1.44913151364764,0,0,0,0
"7401","003202440224",1020,1,0,20.8829949002619,1.5227183781441,23,0,4550,0,0.297095766617766,0.00220183456211481,0.502863432092262,0.259872291384705,0,0.121212121212121,0.0782013685239492,0.552297165200391,0.636363636363636,0.111436950146628,0.229716520039101,0.000455522971652004,1.74,0.96969696969697,0,0,3,0
"7411","036402120222",70,1,0,15.2100594595003,0,25,0,1950,0,0.100254452854703,0,0,0.163403768946665,0,0.244121715076072,0.232365145228216,0.435684647302905,0.648686030428769,0.0975103734439834,0.0338865836791148,0.00026625172890733,2.39,1.57874762808349,0,0,0,0
"7457","132603940384",403.333333333,1,0,22.601230837601,0,25,0,5800,0.0103246701054118,0.0657861447714558,0,7.16779495968998e-06,0.0751684203493671,0,0.146088595664467,0.0933081998114986,0.531573986804901,0.622054665409991,0.10933081998115,0.0857681432610745,0.000362865221489161,2.37,1.61538461538462,0,1,0,0
"7538","261823400494",50,1,1,9.25556446405316,0.677236424199012,34,0,7300,0,0.0100898196935493,0,0.0355169910015232,0.0702384378808908,0,0.232269503546099,0.102836879432624,0.539007092198582,0.712765957446808,0.25,0.0177304964539007,0.000427304964539007,2.4,1.59051724137931,0,1,6,0
"7600","00300015DEDE",130,0,0,15.0504778516399,0.813539343331885,25,0,2697,0.156646711158645,0.233755946985636,0,0,0.310842202585193,1,0.0382014874915483,0.0476673427991886,0.515889114266396,0.905679513184584,0.0172413793103448,0.0101419878296146,2.09601081812035e-05,1.49,1.25959595959596,0,0,6,0
"7691","301302910301",30,1,1,10.5388205155819,0,23,0,2697,0.158490794837787,0,0.0201924291976598,0,0.177823086148477,0,0.120679886685552,0.0396600566572238,0.560906515580737,0.630594900849858,0.173937677053824,0.151841359773371,0.000104815864022663,2.75,1.85179407176287,0,0,0,0
"7705","130800770067",2200,1,0,50.9200937782371,4.07360750225897,34,0,13400,0.145520880713039,0,0,0,0.207979353694849,0,0.0794223826714801,0.00825167612171222,0.522949974213512,0.525528623001547,0.291387313047963,0.0484785972150593,0.000434760185662713,2.72,0.898591549295775,0,1,4,0
"7717","036918091704",475,1,0,0,0.114736423144449,16,1,12100,0,0.615287527341027,0,0,0.333190104598903,0,0.123260437375746,0.150099403578529,0.44831013916501,0.865805168986084,0.0159045725646123,0.0347912524850895,0.000144135188866799,1.93,1.41458733205374,0,1,0,0
"7738","261504090399",150,1,0,14.1452230614871,0,26,0,2697,0,0.000956169661559257,0,0,0.0044530647456466,0,0.239110287303058,0.0528266913809083,0.45227062094532,0.896200185356812,0,0,0.000159406858202039,2.43,1.62612612612613,0,0,0,0
"7757","017300480058",1345,1,1,0,9.59769548285881,20,0,2697,0,0.974346036107609,0,0,0.0578929841924014,0,0,0,0.601831896551724,0.797952586206897,0.0172413793103448,0.0441810344827586,0.00052801724137931,3.38,0.747706422018349,0,0,2,0
"7778","200602210231",293.333333333,1,0,19.2625344725225,3.04145281145092,25,0,16100,0.018306178516933,0.023745086001032,0,0.00106229543562135,0.0531851391150323,0,0.0767072029934518,0.147801683816651,0.507951356407858,0.920486435921422,0.00187090739008419,0.00935453695042095,0.000171188026192703,2,1.38983050847458,0,1,0,0
"7806","220304620472",630,1,0,13.1710184929914,13.6064240630077,31,0,12600,0.13529282648956,0.0374025469949876,0,0,0.183810665859633,0,0.112789526686808,0.155085599194361,0.529707955689829,0.985901309164149,0.00805639476334341,0,0.0001067472306143,1.79,1.62454873646209,0,1,4,0
"7811","001202840274",240,1,0,37.8771325222692,0,25,0,7100,0.0783692511031532,0.173569100840595,0,0,0.24052290461675,0,0.23760092272203,0.0219146482122261,0.573241061130334,0.169550173010381,0.314878892733564,0.459054209919262,0.000816608996539792,2.84,1.12585034013605,0,1,0,0
"7823","01641334R94W",105,1,0,0,0,45,0,5600,0.139092795467829,0.321001540482236,0,0,0.324136370526309,1,0.130536130536131,0.0792540792540792,0.601398601398601,0.445221445221445,0.428904428904429,0.0372960372960373,0.000730769230769231,1.35,0.383045525902669,0,0,5,0
"7841","015300580068",3730,1,1,63.5293227222216,0,28,0,11500,0.071397489253961,0.485567781098836,0,0,0.30005444051521,0,0.0164051355206847,0.014265335235378,0.553495007132668,0.656918687589158,0.0121255349500713,0.0427960057061341,0.000579885877318117,2.84,0.864197530864197,0,0,3,0
"7867","122822040299",588,1,1,61.7875742945174,18.2504223005158,26,0,2100,0.240642775527292,0.105144138960713,0,0.00746326218684285,0.224687405062052,0,0.0393578456758156,0.0124287933713102,0.610046607975142,0.804246504401864,0.0207146556188503,0.0580010357327809,7.97514241325738e-05,1.47,1.21537290715373,0,0,0,0
"7917","170926102403",280,1,1,17.5054005646903,0.479600015470966,39,0,5500,0.0568621075300379,0,0,0,0.109736111189575,0,0.104118993135011,0.117848970251716,0.537757437070938,0.562356979405034,0.273455377574371,0.0240274599542334,0.000224256292906178,2.47,1.3865671641791,0,1,4,0
"7960","132705290519",70,1,0,9.04652422230553,0.20103387160679,24,0,2697,0,0,0,0,0.00130392169248834,0,0.22085201793722,0.0986547085201794,0.506726457399103,0.943946188340807,0,0,4.26008968609866e-05,2.39,1.77272727272727,0,0,0,0
"7969","011203142203",130,1,0,14.660640997866,1.00415349300452,30,0,2697,0.0602864431630193,0.132783251216333,0,0,0.203847532137516,0,0.248399487836108,0.0550576184379001,0.536491677336748,0.594110115236876,0.254801536491677,0.117797695262484,0.000542893725992317,2.51,1.09003215434084,0,0,0,0
"8015","261017090040",355,1,0,21.4142500175412,0,44,0,6700,0.0555669297445441,0,0,0,0.107910388886392,0,0.294995187680462,0.0635226179018287,0.400384985563041,0.173724735322425,0.52502406159769,0.10827718960539,0.000339268527430221,2.76,1.0929614873838,0,1,0,0
"8031","046917152615",375,1,0,13.669358734504,3.76402631819675,20,0,7900,0.121960226745879,0,0,0,0.18597326251737,0,0.154420921544209,0.0722291407222914,0.547945205479452,0.87173100871731,0.0099626400996264,0.0087173100871731,5.85305105853051e-05,2.53,1.90880503144654,0,1,0,0
"8111","011216120194",610,1,1,12.8697421299943,33.3099208070442,51,0,6200,0.103135000641081,0.429655488895935,0.1581935394282,0,0.312904861714098,0,0.221727515583259,0.0293855743544078,0.477292965271594,0.28673196794301,0.552092609082814,0.0694568121104185,0.000521816562778272,2.44,1.02836879432624,0,1,0,0
"8177","031202540244",80,1,0,18.0044697944059,0.191536912706446,28,0,4250,0,0,0,0,0.00130393908130598,0,0.115146147032772,0.116031886625332,0.471213463241807,0.937112488928255,0.00531443755535872,0.0327723649247121,0.000137289636846767,2.16,1.56513409961686,0,0,0,0
"8211","023202241612",250,1,0,9.22418389320326,6.31128371640223,35,0,2697,0.116360954220557,0,0,0,0.180376812014103,0,0.0780542986425339,0.10972850678733,0.540723981900452,0.764705882352941,0.195701357466063,0,0.000625565610859729,2.09,1.24029126213592,0,0,0,0
"8273","231302710281",40,1,0,0.96339382225254,1.7822785711672,16,0,8500,0,0,0,0.523931099427927,0.346167964601497,0,0.143953934740883,0.168266154830454,0.506717850287908,0.711452335252719,0.122840690978887,0.0742162507997441,0.000280230326295585,2.19,1.42636746143058,0,1,0,0
"8330","310704490439",1130,1,1,34.1043608730806,2.57211660215971,23,0,6000,0.331737994402021,0.174825399154602,0,0,0.339952826550152,0,0.111275964391691,0.0771513353115727,0.422848664688427,0.675074183976261,0,0,0.000298219584569733,1.76,1.05483028720627,0,1,5,0
"8384","042401720182",65,1,1,14.3836388279929,0,24,0,5900,0,0.102308934267061,0,0,0.165644901594186,0,0.22022022022022,0.036036036036036,0.401401401401401,0.520520520520521,0.311311311311311,0.12012012012012,0.000295295295295295,2.42,1.42857142857143,0,1,0,0
"8447","122805090499",230,1,0,15.6154842410617,0.200198515911048,25,0,2050,0.0407511358742553,0,0,0,0.0857867149503899,0,0.225225225225225,0.0756756756756757,0.43963963963964,0.912612612612613,0.0162162162162162,0,9.36936936936937e-05,3.18,1.99708454810496,0,1,0,0
"8482","121402740264",1420,1,0,40.535315684754,1.02361908294833,24,0,7600,0.0393998127028222,0.136035792627558,0,0,0.186299505737675,0,0.308130081300813,0.0235772357723577,0.529268292682927,0.226829268292683,0.127642276422764,0.59349593495935,0.000394308943089431,2.86,0.899038461538462,0,1,1,0
"8533","261802640274",170,0,0,19.9437600834827,0,24,0,10900,0,0.000294995520805356,0,0,0.00199817519514359,0,0.303047728579643,0.109258194364577,0.500862564692352,0.102357676825762,0.439332949971248,0.415756181713629,0.000449108683151236,2.46,0.734576757532281,0,0,6,0
"8536","011204040394",60,1,0,14.3062084955589,0,24,0,2697,0,0,0,0,0.00130386847380338,0,0.200845665961945,0.00634249471458774,0.563424947145877,0.793868921775899,0.124735729386892,0.0232558139534884,0.000121564482029598,2.54,1.67204301075269,0,0,0,0
"8557","222616171515",880,1,0,10.3626722613051,13.004137739677,26,1,13400,0.226796379946601,0.109824270998264,0,0,0.284036903933275,0,0.297248803827751,0.0675837320574163,0.50299043062201,0.255980861244019,0.360645933014354,0,0.000388157894736842,3.29,1.09445585215606,0,1,4,0
"8569","161704300440",120,1,0,18.7673329445146,0.507225214716611,31,0,4200,0.0314583089914191,0.112832499954746,0,0,0.163147348713596,0,0.0515267175572519,0.139312977099237,0.556297709923664,0.330152671755725,0.567748091603053,0.00763358778625954,0.000484732824427481,1.67,0.901116427432217,0,1,0,0
"8583","161319041823",250,1,0,8.4816128814786,1.47506310982236,35,0,11800,0,0,0,0,0.00130392188640384,0,0.159203980099502,0.128358208955224,0.621890547263682,0.85771144278607,0.0258706467661692,0,2.58706467661692e-05,2.45,2.04136253041363,0,1,1,0
"8584","132604840474",786.666666667,1,1,12.0328045344617,9.82679036981039,22,0,7400,0.374311506606784,0.0796472968591529,0,0,0.300081584744741,0,0.207562349155269,0.111826226870475,0.484312148028962,0.901850362027353,0.0378117457763475,0.0370072405470636,8.5277554304103e-05,2.48,1.74112734864301,0,1,15,0
"8599","261800272837",556.666666667,1,1,8.91644964354345,30.9009233678358,26,0,4900,0.0465719315229543,0.00487159364270603,0,0.179416298791294,0.169963749578331,1,0,0.0503412969283277,0.440273037542662,0.686006825938567,0.0401023890784983,0,0.000111774744027304,1.43,1.03775883069428,0,0,0,0
"8641","261026160140",286.666666667,1,1,0,2.9767857435513,33,0,10700,0.118531335925266,0.566006962038236,0,0,0.312890039272777,0,0.161864406779661,0.0728813559322034,0.521186440677966,0.215254237288136,0.505084745762712,0.108474576271186,0.000316101694915254,3.29,1.74094707520891,0,1,0,0
"8656","031429230022",460,1,0,0,0,30,0,16900,0.0234493205560631,0.0961535028320202,0,0,0.142153596944888,0,0.325607687959299,0.0361786319954777,0.544375353306953,0.135669869983041,0.277557942340305,0.474844544940644,0.000383832673827021,4.24,1.67865707434053,0,1,4,0
"8674","180903690359",205,1,0,13.2262190242481,27.8552188540984,22,0,7600,0.0638384383910604,0.122492917811059,0,0,0.200552817152759,0,0.0972590627763042,0.0539345711759505,0.486295313881521,0.905393457117595,0.00884173297966402,0.0212201591511936,0.000153846153846154,1.71,1.34298780487805,0,1,0,0
"8679","018330031501",120,1,0,18.4316625438487,2.83564039136134,34,0,5300,0.00688239937711008,0.0755807285322879,0,0,0.103204773830286,0,0.0102239532619279,0.0311587147030185,0.561343719571568,0.843719571567673,0.0189873417721519,0.0282375851996105,0.000259980525803311,3.17,2.30401234567901,0,1,3,0
"8693","122802590249",194,1,1,23.3427064781192,2.43576067597765,30,0,2697,0,0,0,7.06005833918533e-05,0.00102461148796378,0,0.0124879923150817,0.0806916426512968,0.586935638808838,0.816522574447647,0.0614793467819404,0.0624399615754083,0.000287223823246878,1.5,0.784992784992785,0,0,4,0
"8701","046403520362",430,1,0,9.83461294755624,0,37,0,4400,0,0,0,0.0664032747704022,0.122724253853585,0,0.214435146443515,0.153765690376569,0.48326359832636,0.906903765690377,0.00732217573221757,0.0387029288702929,0.000120292887029289,2.17,1.66136363636364,0,1,2,0
"8703","002800630073",280,1,1,21.4416180191849,0,25,0,2450,0.0040807588888556,0.100731252496213,0.560692217810998,0,0.236063915978759,0,0.0275735294117647,0.039828431372549,0.605392156862745,0.735906862745098,0.0876225490196078,0.0269607843137255,0.00035906862745098,1.88,1.01380897583429,0,0,0,0
"8710","0162DEDS0067",720,0,0,0,3.18129656247947,41,0,2697,0.270802372502646,0.036077085016573,0,0,0.242836043136491,0,0,0.507716049382716,0.322530864197531,0.0200617283950617,0.685185185185185,0,0.00116512345679012,1.19,0.0915750915750916,0,0,3,0
"8724","330913080192",2190,1,0,116.143432721155,89.2150158604035,40,0,5100,0.012691293354484,0.449195763963059,0,0,0.249622264697484,0,0.0229885057471264,0.09263015551048,0.457065584854632,0.589587559161596,0.085868830290737,0.0743745774171738,0.000423258958755916,1.86,0.767879548306148,0,1,10,0
"8750","182203701414",120,1,0,0,0,18,0,2697,0,0,0,0.526868062993034,0.346014581975058,0,0.244949494949495,0.0113636363636364,0.491161616161616,0.338383838383838,0.450757575757576,0.0303030303030303,0.000898989898989899,3.31,1.7907949790795,0,0,0,0
"8764","232304640454",153.333333333,1,0,12.1883789545827,0,27,0,10100,0.0436762066632704,0.0965591863141049,0,0,0.164492952607745,0,0.210980876002468,0.0438001233806292,0.441085749537323,0.768044417026527,0.0388648982109809,0.152991980259099,0.000204811844540407,2.25,1.63421418636996,0,1,8,0
"8819","180329210137",1190,1,0,88.5639106649762,23.1673806044143,37,0,2000,0.0763352072844238,0.596956596010959,0,0,0.289895001245242,1,0.10655737704918,0.0208070617906683,0.485498108448928,0.694829760403531,0.0825977301387137,0.10655737704918,0.000162042875157629,1.49,0.800376647834275,0,0,4,0
"8832","003601710191",65,0,0,15.3779874846775,13.1411893050881,31,0,2697,0,0.0348842929724745,0,0,0.0762940264840881,0,0.168546365914787,0.0319548872180451,0.544486215538847,0.555137844611529,0.257518796992481,0.0789473684210526,0.000225563909774436,2.54,1.47217806041335,0,0,2,0
"8897","150101730183",120,1,0,18.4316625438487,2.83564039136134,32,0,19000,0.0114687189247561,0.319094011479979,0.0795495996966486,0,0.232268968011295,0,0.0102239532619279,0.0311587147030185,0.561343719571568,0.843719571567673,0.0189873417721519,0.0282375851996105,0.000259980525803311,3.17,2.30401234567901,0,1,1,0
"8912","210321032106",270,0,0,0,0,32,0,4704,0,0.0224427390481179,0,0.529061806727482,0.260641086895891,0,0.17741935483871,0.0951612903225806,0.545161290322581,0.779032258064516,0.0645161290322581,0.0516129032258065,7.58064516129032e-05,2.47,1.91633466135458,0,0,1,0
"8983","026402620272",20,1,0,0,83.5662681634777,16,0,2300,0.272662653877548,0.306860186804115,0.419172495815222,0,0.360434303787293,0,0.1417004048583,0.0836707152496626,0.519568151147099,0.794871794871795,0.058029689608637,0.0445344129554656,0.000399460188933873,2.18,1.35294117647059,0,0,0,0
"8994","222941801222",486.25,1,0,4.76706866984928,9.88083324296033,40,0,7200,0.914390862538314,0,0.00663037385384714,0,0.104523099604864,0,0.303523035230352,0.0670731707317073,0.401761517615176,0.220867208672087,0.43970189701897,0.0840108401084011,0.000456639566395664,3.15,1.29596412556054,1,0,2,0
"9013","310501710181",135,1,0,71.5809942074169,0,31,0,16600,0,0.125184789758982,0,0,0.189129364588146,0,0.168546365914787,0.0319548872180451,0.544486215538847,0.555137844611529,0.257518796992481,0.0789473684210526,0.000225563909774436,2.54,1.47217806041335,0,1,0,0
"9050","001100560046",310,0,0,0,0.753131415767856,40,0,10300,0.493889674559507,0,0.180267505012108,0,0.340828502751564,0,0.086899275839368,0.235681369321922,0.451612903225806,0.73798551678736,0.0118499012508229,0.0427913100724161,8.82159315339039e-05,1.71,1.39729119638826,0,0,0,0
"9107","0037122W2417",146.666666667,0,0,0,0,33,0,6700,0.5442162509154,0.0724758716524966,0.168569014951659,0,0.287768558292468,1,0.161704076958314,0.1319285387082,0.45716903344022,0.65277141548328,0.245991754466331,0.0105359596885021,0.000121392579019698,1.73,1.43458475540387,1,0,6,0
"9108","037026102507",130,1,0,15.4393071424863,0,21,0,2697,0.0461811614978852,0,0,0,0.094177789102459,0,0.270940170940171,0.0333333333333333,0.541025641025641,0.18974358974359,0.441880341880342,0.0401709401709402,0.000354700854700855,2.77,1.32387706855792,0,0,0,0
"9117","001201740164",460,1,0,9.93784228315562,10.6739787485746,44,0,2750,0.218560756001709,0.0483326636725152,0,0,0.235765427262797,1,0.130536130536131,0.0792540792540792,0.601398601398601,0.445221445221445,0.428904428904429,0.0372960372960373,0.000730769230769231,1.35,0.383045525902669,0,0,0,0
"9170","0292DEDS0464",280,0,0,10.8479326322579,0,28,0,2697,0,0,0,0.128603893711471,0.192424100079614,0,0.164383561643836,0.0353881278538813,0.517123287671233,0.96689497716895,0,0.0148401826484018,6.27853881278539e-05,2.22,1.84263959390863,0,0,0,0
"9201","122112222313",170,1,0,0,0,20,0,25000,0.307573546325261,0.0197966038642961,0.6713251445155,0,0.235937723278955,0,0.0918984280532044,0.303506650544135,0.438935912938331,0.714631197097944,0.0471584038694075,0.120918984280532,0.000412333736396614,2.21,1.37254901960784,0,1,17,0
"9220","002033080025",570,1,0,13.7018255191373,13.4527014187893,36,0,6000,0.58428335915942,0.0561729983320245,0.0776898704681237,0,0.257698892440794,1,0.0382014874915483,0.0476673427991886,0.515889114266396,0.905679513184584,0.0172413793103448,0.0101419878296146,2.09601081812035e-05,1.49,1.25959595959596,0,0,6,0
"9254","190402291613",80,1,0,7.95924538802971,0.812167896737725,27,0,2950,0,0,0,0,0.00130376139427834,0,0.159203980099502,0.128358208955224,0.621890547263682,0.85771144278607,0.0258706467661692,0,2.58706467661692e-05,2.45,2.04136253041363,0,0,4,0
"9259","261626102507",240,1,0,10.2272812449517,0,30,0,12400,0.0717346060599192,0.298502285408148,0,0,0.280599148293038,0,0.359235668789809,0.0452229299363057,0.471337579617834,0.0388535031847134,0.670063694267516,0.021656050955414,0.000471337579617834,3.59,1.21411764705882,0,1,2,0
"9269","220422301701",1315,1,0,2.4150190006669,27.6798331614899,22,0,20200,0.580974398314951,0.0479116266699972,0,0,0.276315420301709,0,0,0.128608923884514,0.44488188976378,0.493438320209974,0.225721784776903,0.141732283464567,0.000414698162729659,2.24,1.02877697841727,0,1,4,0
"9273","233013254010",40,1,0,1.81489130312277,0,35,0,2697,0,0.0377425642600456,0,0.342541129213664,0.262625472324064,0,0.104118993135011,0.117848970251716,0.537757437070938,0.562356979405034,0.273455377574371,0.0240274599542334,0.000224256292906178,2.47,1.3865671641791,0,0,0,0
"9275","004701920202",2185,1,1,0,0,33,0,2650,0.0827436981468515,0.8693621005827,0,0,0.156921942577961,0,0.018811136192626,0.0466516177577126,0.518434913468773,0.758465011286682,0.0225733634311512,0.00827689992475546,0.000261098570353649,1.72,0.707762557077626,0,0,1,0
"9335","260300570047",340,1,0,0,143.13193377357,34,0,6200,0.317487749354228,0.192445627331462,0,0,0.343764243390634,1,0.161704076958314,0.1319285387082,0.45716903344022,0.65277141548328,0.245991754466331,0.0105359596885021,0.000121392579019698,1.73,1.43458475540387,0,0,5,0
"9363","230723071823",398.571428571,1,0,0,0,33,0,2697,0.0959628762763094,0.0234602436463182,0,0.400668486950936,0.258021228284621,0,0.036036036036036,0.0495495495495495,0.469594594594595,0.719594594594595,0.0202702702702703,0.0596846846846847,0.000289414414414414,1.48,1.09,0,0,6,0
"9431","121303990409",90,0,1,15.5357171901093,1.9078950935222,28,0,2300,0.0212362430479223,0,0,0,0.0520439575476281,0,0.0749601275917065,0.12280701754386,0.529505582137161,0.797448165869219,0.0478468899521531,0.0271132376395534,0.000202551834130782,1.84,1.71301775147929,0,0,0,0
"9530","005600310041",300,1,0,2.76551452708062,4.22961045318212,31,0,1550,0,0.189637138603645,0,0.269305084048771,0.333812720014508,0,0.101014760147601,0.0816420664206642,0.534132841328413,0.620848708487085,0.195571955719557,0.156826568265683,0.000238929889298893,1.9,1.1140350877193,0,0,0,0
"9560","132601540144",1133.33333333,1,0,18.1029356392969,98.0926512547951,42,0,7000,0.154254438497384,0.563644043010043,0,0,0.322709038857392,1,0.0419847328244275,0.00699745547073791,0.533715012722646,0.555979643765903,0.325063613231552,0.0235368956743003,0.00044910941475827,1.46,0.579804560260586,0,0,2,0
"9582","027316143501",230,1,0,22.274918250702,0,28,0,3550,0,8.07552579861381e-06,0,0,0.000703259138409553,0,0.0405660377358491,0.0877358490566038,0.559433962264151,0.687735849056604,0.0754716981132075,0.0245283018867925,0.000617924528301887,2.39,1.23891625615764,0,1,7,0
"9661","141418221703",370,1,0,23.7974978638859,0,15,0,7200,0.096851525580289,0.104126027412309,0,0.123319760639021,0.24635758290508,0,0.244949494949495,0.0113636363636364,0.491161616161616,0.338383838383838,0.450757575757576,0.0303030303030303,0.000898989898989899,3.31,1.7907949790795,0,1,0,0
"9666","200602810291",430,1,0,10.0949158451807,2.3752743165131,26,0,12300,0.28647810612926,0.0407618371887499,0,0.000468793928088394,0.189970942128704,0,0.175660160734788,0.0677382319173364,0.483352468427095,0.680826636050517,0.00803673938002296,0.218140068886338,0.000165327210103329,2.52,1.55780346820809,0,1,10,0
"9704","001204040394",255,1,1,18.4535487646693,0,28,0,580,0.0254703036157049,0.294942680717762,0,0,0.238967692799988,0,0.0749601275917065,0.12280701754386,0.529505582137161,0.797448165869219,0.0478468899521531,0.0271132376395534,0.000202551834130782,1.84,1.71301775147929,0,0,0,0
"9779","261002301222",360,1,0,15.4914447005574,0,39,0,10400,0.232186834713437,0.0429999641327271,0,0.0331567969867048,0.210776403689793,0,0.223004694835681,0.0328638497652582,0.542253521126761,0.173708920187793,0.622065727699531,0.00938967136150235,0.000582159624413145,3.01,1.4452296819788,0,1,2,0
"9783","122120011320",110,1,0,5.72995990679076,3.45959843428876,35,0,19700,0.375867810551668,0.0102552621925334,0,0,0.238325550614722,0,0.132591093117409,0.0475708502024291,0.493927125506073,0.673076923076923,0.0789473684210526,0.230769230769231,0.00033502024291498,2.66,1.58333333333333,0,1,9,0
"9855","221101592502",1345,0,0,53.6295289797932,5.30804211745393,39,0,5900,0.181635830111191,0.0338071996888709,0,0,0.205227422427916,1,0.08,0,0.487272727272727,0.562424242424242,0.244848484848485,0.0206060606060606,0.000656969696969697,1.18,0.599427753934192,0,0,3,0
"9875","122215151417",885,1,0,0,21.1269440201538,30,0,9300,0.686616914600684,0.159934492582566,0,0,0.279262661598203,0,0.356666666666667,0.0416666666666667,0.431666666666666,0.105,0.416666666666667,0.0333333333333333,0.00124666666666667,4.14,1.59310344827586,0,1,4,0
"9921","008726031326",2070,1,0,10.3127956018843,109.831273160067,38,0,10300,0.119787618010561,0.497575795322734,0,0,0.323047171213585,1,0.0317700453857791,0.0403429147755925,0.640443772062532,0.671205244578921,0.169944528492184,0.0423600605143722,0.00016439737771054,1.53,0.930915371329879,0,0,4,0
"9931","310503212902",35,1,0,0,0,9,0,2697,0,0,0.169633818052143,0,0.228183158978862,0,0.143638850889193,0.127222982216142,0.500683994528044,0.875512995896033,0,0.0478796169630643,0.000369357045143639,2.09,1.50143266475645,0,0,1,0
"10002","010000353308",590,1,1,11.5422387046052,21.8695049139887,27,0,6300,0.0585378470429199,0.343320326156082,0.195948705371966,0,0.304748548841422,1,0.300378429517502,0.0075685903500473,0.564333017975402,0.533585619678335,0.352885525070956,0.06480605487228,0.000218543046357616,1.52,1.13914027149321,0,1,1,0
"10060","003726180052",470,0,1,0,10.5048612671023,36,1,8000,0.508003890315433,0.229398382012864,0,0,0.344160235214722,1,0.0350378787878788,0.111268939393939,0.746212121212121,0.359375,0.429924242424242,0.0430871212121212,0.000195075757575758,1.37,0.630522088353414,0,0,4,0
"10095","131012313402",270,0,0,15.8524254064388,1.46781716726285,29,0,5671,0.00779700063597054,0,0,0.295666512318081,0.216948975942299,0,0.0734206033010814,0.146841206602163,0.489470688673876,0.900967558338076,0.0341491178144565,0.0244735344336938,7.51280591918042e-05,1.51,1.3829604130809,0,1,0,0
"10120","042423230382",95,1,1,10.8972637964537,3.47448990611567,25,1,2650,0,0.115509528095994,0,0,0.17951258656899,0,0.257113821138211,0.032520325203252,0.561991869918699,0.858739837398374,0.0813008130081301,0.0599593495934959,0.000281504065040651,2.62,1.60533333333333,0,0,0,0
"10142","01020314DEDN",330,0,0,13.4952436771206,4.63269559065336,29,0,2697,0.0643909985048028,0.0163244525042095,0,0,0.10744917291119,0,0.248399487836108,0.0550576184379001,0.536491677336748,0.594110115236876,0.254801536491677,0.117797695262484,0.000542893725992317,2.51,1.09003215434084,0,0,0,0
"10177","029202241612",255,1,0,14.1374243910526,0.220897256110197,42,0,2697,0.246711274732692,0.00016151209811183,0,0,0.187050914292898,0,0.160896130346232,0.163951120162933,0.470468431771894,0.892057026476578,0.00916496945010183,0.00814663951120163,0.000153767820773931,2.14,1.18818380743982,0,0,0,0
"10209","133103310361",50,1,0,9.85901193664833,0,20,0,2697,0,0,0,0.0132205736140683,0.0358056760946191,0,0.133034379671151,0.0852017937219731,0.597907324364723,0.910313901345291,0.0284005979073244,0.038863976083707,0.000245142002989537,2.19,1.95098039215686,0,0,0,0
"10236","130824120524",950,1,0,0,0,5,0,17500,0,0,0,0.0128271472373585,0.0349545818771973,0,0.204968944099379,0.0360248447204969,0.505590062111801,0.877018633540373,0.0571428571428571,0.0149068322981366,0.000195031055900621,2.37,1.86764705882353,0,1,8,0
"10306","131029311231",325,0,0,9.62339314572644,0,29,0,1100,0.0386832965821126,0,0,0.409145792167311,0.273306594994605,0,0.0910798122065728,0.415023474178404,0.563380281690141,0.842253521126761,0.031924882629108,0.0356807511737089,4.7887323943662e-05,2.01,1.86784140969163,0,1,0,0
"10365","231301610181",90,1,0,11.8792751128748,0.61444526445904,16,0,8400,0,0,0.26317097704162,0,0.288626360042991,0,0.253164556962025,0.0886075949367089,0.50379746835443,0.621518987341772,0.360759493670886,0.00886075949367089,0.000625316455696203,1.85,1.69859813084112,0,1,0,0
"10373","021222030294",246.666666667,1,0,5.19008292996624,13.7166477434822,30,0,2900,0.518346762699882,0.480030525831154,0.000318097675751213,0,0.231823348358088,0,0.190520446096654,0.0576208178438662,0.552973977695167,0.225836431226766,0.127323420074349,0.523234200743494,0.000566914498141264,3.42,1.44761904761905,0,1,0,0
"10379","293114061310",305,0,0,9.62339314572644,0,30,0,2850,0.0408134297342745,0,0,0.394070628073111,0.273534731618847,0,0.0910798122065728,0.415023474178404,0.563380281690141,0.842253521126761,0.031924882629108,0.0356807511737089,4.7887323943662e-05,2.01,1.86784140969163,0,1,0,0
"10479","122226102221",685,1,0,10.1108738457357,6.28513779599789,40,0,9300,0.326422906584725,0.0609497912376396,0,0.016026820130728,0.227748704027835,0,0.305039787798409,0.0733863837312113,0.450044208664898,0.2236958443855,0.508399646330681,0,0.000679045092838196,3.89,1.43060498220641,0,1,28,0
"10487","004615010011",340,1,0,0,45.195956588886,37,0,9300,0.787018165185982,0.0324059501736068,0.00403079239643952,0,0.156762609341307,0,0.086899275839368,0.235681369321922,0.451612903225806,0.73798551678736,0.0118499012508229,0.0427913100724161,8.82159315339039e-05,1.71,1.39729119638826,0,0,4,0
"10493","180925021803",316.666666667,1,0,0.485598981331933,11.9288445414149,36,0,15200,0,0,0,0.526299246068931,0.346045638966948,1,0.10655737704918,0.0208070617906683,0.485498108448928,0.694829760403531,0.0825977301387137,0.10655737704918,0.000162042875157629,1.49,0.800376647834275,0,0,8,0
"10514","250502740264",290,1,0,28.2164898248633,0,23,0,2697,0,0.495778346263402,0,0,0.346760573437385,0,0.184049079754601,0.177914110429448,0.45398773006135,0.437627811860941,0.351738241308793,0.0368098159509202,0.00119631901840491,1.87,0.501915708812261,0,0,4,0
"10517","282901701222",265,0,0,0,0,21,0,3300,0,0,0.517438191136112,0.371009661996807,0.317295641711534,0,0.207525655644242,0.168757126567845,0.548460661345496,0.172177879133409,0.75484606613455,0.0273660205245154,0.00068072976054732,1.94,0.745575221238938,0,0,3,0
"10568","013100460056",295,1,0,19.6666639595785,0.162534412889079,36,0,2700,0.154777898941602,0.0549989732120633,0,0,0.21178229319258,0,0.0995962314939435,0.109690444145357,0.526244952893674,0.68842530282638,0.0935397039030956,0.104979811574697,0.000246971736204576,1.99,1.54032258064516,0,0,2,0
"10624","180922042201",3446.66666667,1,0,0,73.8514377351102,32,1,19700,0.900491050590987,0.0748324620976456,0,0,0.125392675131246,0,0.0393578456758156,0.0124287933713102,0.610046607975142,0.804246504401864,0.0207146556188503,0.0580010357327809,7.97514241325738e-05,1.47,1.21537290715373,0,0,7,0
"10626","231200770067",5460,1,0,0,4061.93931726889,29,1,12100,0.900623281047258,0.00193876237397622,0,0,0.110507279376271,1,0.0350378787878788,0.111268939393939,0.746212121212121,0.359375,0.429924242424242,0.0430871212121212,0.000195075757575758,1.37,0.630522088353414,0,0,7,0
"10654","033015151417",150,1,1,20.4242423328634,2.04242423328634,28,0,2697,0,0.0420031666553642,0,0,0.0877533047235054,0,0.380020597322348,0.0916580844490216,0.418125643666323,0.190525231719876,0.678681771369722,0.0576725025746653,0.000722966014418126,2.35,0.85956416464891,0,0,0,0
"10748","042203840374",610,1,0,8.79967951050253,5.64082019904008,24,0,3700,0.125960910083243,0.0129582604598284,0,0,0.149059435162992,0,0.117647058823529,0.0835294117647059,0.436470588235294,0.905882352941176,0.0588235294117647,0.0188235294117647,0.000169411764705882,1.98,1.4988344988345,0,1,2,0
"10776","180900750065",3835,1,0,0,138.568700422112,33,0,21400,0.998695401873597,0,0,0,0.00130374676795947,1,0.0350378787878788,0.111268939393939,0.746212121212121,0.359375,0.429924242424242,0.0430871212121212,0.000195075757575758,1.37,0.630522088353414,0,0,9,0
"10781","003200770067",4400,1,0,0,904.090805509613,31,0,9700,0.500786383591864,0.224777630353539,0,0.273131238962988,0.345438360788885,1,0.0350378787878788,0.111268939393939,0.746212121212121,0.359375,0.429924242424242,0.0430871212121212,0.000195075757575758,1.37,0.630522088353414,0,0,5,0
"10787","234205090499",605,0,0,0,0,31,0,2100,0,0,0,0.524609114054542,0.346134093863141,0,0.198816568047337,0.17396449704142,0.492307692307692,0.828402366863905,0.10414201183432,0.0343195266272189,0,2.87,2.12925170068027,0,0,0,0
"10814","223002590249",1090,1,0,34.2803900691277,0,24,0,24000,0.0205081446013314,0,0,0,0.05064350833742,0,0.0315893385982231,0.0918065153010859,0.471865745310958,0.790720631786772,0.071076011846002,0.0454096742349457,0.000466929911154985,1.66,1.13725490196078,0,1,0,0
"10844","151501801222",450,1,0,18.7336528220334,30.5925706635041,30,0,4350,0.215948192310289,0.419413769412273,4.34109819508788e-05,0,0.265925416101827,0,0.303523035230352,0.0670731707317073,0.401761517615176,0.220867208672087,0.43970189701897,0.0840108401084011,0.000456639566395664,3.15,1.29596412556054,0,1,7,0
"10937","261616171515",490,1,0,0,0,45,0,14700,0.0806916734778882,0.279262433910553,0.426056427363537,0,0.313016797714446,0,0.427648578811369,0.0368217054263566,0.416666666666667,0.0555555555555556,0.532945736434108,0.405038759689922,0.000548449612403101,3.25,0.861635220125786,0,1,4,0
"10947","026202640254",80,1,0,0,9.64233258208332,23,0,6700,0.418567357543133,0.326860770614751,0.253267281432182,0,0.359284883846027,0,0.1417004048583,0.0836707152496626,0.519568151147099,0.794871794871795,0.058029689608637,0.0445344129554656,0.000399460188933873,2.18,1.35294117647059,0,1,0,0
"10991","028204240414",490,1,0,2.997147321698,8.99144196509401,24,0,4300,0.101955408366518,0.295703033033734,0,0,0.299686095314329,0,0.187358916478555,0.0778781038374718,0.568848758465011,0.714446952595937,0.0169300225733634,0.203160270880361,0.000343115124153499,2.46,1.69722222222222,0,1,0,0
"11034","017204040394",75,1,1,18.1794947204178,0,26,0,2697,0,0,0,0,0.00130386367359925,0,0.133640552995392,0.114055299539171,0.355990783410138,0.671658986175115,0.0552995391705069,0.231566820276498,0.000359447004608295,2.08,1.62679425837321,0,0,0,0
"11088","261803740384",380,0,1,21.431460332061,0,27,0,7100,0.0519827303595177,0,0,0,0.102773240462947,0,0.267947421638018,0.0353892821031345,0.481294236602629,0.204246713852376,0.228513650151668,0.484327603640041,0.000487360970677452,3.73,1.56603773584906,0,1,0,0
"11099","122803690359",480,1,0,37.2989398963691,6.3827062924268,25,0,3100,0.0689830285060557,0,0,0,0.12610546902126,0,0.0606957809030348,0.0888230940044412,0.492968171724648,0.796447076239822,0.00666173205033309,0.0873427091043671,0.00012879348630644,1.6,1.17339667458432,0,1,0,0
"11121","021203240314",455,1,0,27.4335854736078,0,25,0,2900,0,0.503732480435267,0,0,0.346754093920408,0,0.233082706766917,0.0233918128654971,0.545530492898914,0.18796992481203,0.180451127819549,0.56390977443609,0.000290726817042606,3.76,1.74213836477987,0,0,0,0
"11150","285802733010",775,0,0,0,0.723120516643565,20,0,4050,0.0242020935719083,0,0,0.602029058031709,0.254471339170776,0,0.0958254269449715,0.183111954459203,0.522770398481973,0.88899430740038,0.0265654648956357,0.0284629981024668,0.000144212523719165,2.12,1.68825910931174,0,0,7,0
"11153","039202840274",126.666666667,1,0,13.1525239689628,0,35,0,2697,0,0,0,0.498597001740547,0.346772782639839,0,0.112789526686808,0.155085599194361,0.529707955689829,0.985901309164149,0.00805639476334341,0,0.0001067472306143,1.79,1.62454873646209,0,0,1,0
"11196","232302240202",110,1,0,25.9476657557829,5.22557157581739,40,0,7000,0.179214823233896,0.158418649878529,0.1320027355342,0.00407744839683872,0.245603040466427,0,0.0673813169984686,0.0995405819295559,0.64624808575804,0.378254211332312,0.51301684532925,0.0551301684532925,0.000719754977029096,1.97,0.932098765432099,0,1,0,0
"11228","350233252921",800,1,0,75.2949968908424,2.5802023856675,31,0,1500,0,0.322395384497945,0,0.17364763651667,0.338235454776217,1,0.0119465917076599,0.406886858749122,0.489810260014055,0.889669711876318,0,0.0498945888966971,0.000151089248067463,1.4,1.04911591355599,0,0,5,0
"11240","190403490339",130,1,0,20.634266523743,2.60432490105494,22,0,1000,0,0.0508346109571253,0,0.000353039756663761,0.068447176439443,0,0.0662068965517241,0.115862068965517,0.612413793103448,0.961379310344828,0,0.0193103448275862,4.96551724137931e-05,1.8,1.44913151364764,0,0,0,0
"11258","220302120222",1123.33333333,1,0,0.149947137716666,0,30,0,23100,0.915282013278942,0.0404490344774,0,0,0.115332575158427,0,0.102150537634409,0.0193548387096774,0.560215053763441,0.534408602150538,0.235483870967742,0.109677419354839,0.000511827956989247,1.91,1.31779661016949,0,1,8,0
"11293","240503890379",1140,1,0,8.95963274167036,4.33982210924658,25,0,5600,0.293293857283227,0,0,0,0.302962654779083,0,0.166505324298161,0.0755082284607938,0.590513068731849,0.56243949661181,0.0619554695062923,0.250726040658277,0.000229428848015489,2.72,1.71842105263158,0,1,8,0
"11309","C88N29240191",80,0,0,0,0,27,0,13800,0.103760519010802,0.543472049474348,0,0,0.311330464336635,0,0.166416791604198,0.0719640179910045,0.454272863568216,0.631184407796102,0.0149925037481259,0.166416791604198,0.000427286356821589,2.45,1.52941176470588,1,0,0,0
"11340","261816120224",980,0,1,61.8934137679502,0,28,0,10800,0,0,0,0,0.00130373913849504,0,0.273327828241123,0.037159372419488,0.464905037159372,0.187448389760528,0.417836498761354,0.374071015689513,0.000632535094962841,2.15,0.666048237476809,0,0,2,0
"11371","223005490539",1150,1,0,20.414679701522,11.7232814127552,31,0,11700,0.594518197203512,0.0941917127253501,0,0,0.298245576651232,0,0.153358681875792,0.0418250950570342,0.496831432192649,0.652724968314322,0.247148288973384,0.0253485424588086,0.000329531051964512,1.94,1.62899262899263,0,1,8,0
"11372","036203440334",60,1,0,14.5646884550582,0.404574679307171,24,0,2550,0.0281246432422862,0,0,0,0.0647141014795877,0,0.114343029087262,0.119358074222668,0.520561685055166,0.821464393179539,0,0.0581745235707121,0.000127382146439318,2.25,1.9009009009009,0,1,0,0
"11381","004700320042",2630,1,1,0,65.2485130782031,36,0,9500,0.0740289872164844,0.924666280397823,0,0,0.132570811272977,1,0.0350378787878788,0.111268939393939,0.746212121212121,0.359375,0.429924242424242,0.0430871212121212,0.000195075757575758,1.37,0.630522088353414,0,0,5,0
"11456","027123132803",80,1,0,8.62457042420946,16.0170593592461,15,0,2400,0.0199557689533883,0,0.052268021445864,0.132718807523174,0.170936556081454,0,0.143953934740883,0.168266154830454,0.506717850287908,0.711452335252719,0.122840690978887,0.0742162507997441,0.000280230326295585,2.19,1.42636746143058,0,0,0,0
"11550","001000450055",3103.33333333,0,0,5.54726301567935,43.6545480799114,32,0,13300,0.82987337564306,0.0646329467497898,0,0,0.189138890267448,1,0.0350378787878788,0.111268939393939,0.746212121212121,0.359375,0.429924242424242,0.0430871212121212,0.000195075757575758,1.37,0.630522088353414,0,0,5,0
"11564","016401640032",270,0,0,0.870322637833863,4.71658719858351,47,0,5600,0.462810132433499,0.00330478830937438,0.0444331504982017,0,0.215967130518052,1,0.130536130536131,0.0792540792540792,0.601398601398601,0.445221445221445,0.428904428904429,0.0372960372960373,0.000730769230769231,1.35,0.383045525902669,0,0,15,0
"11601","260316120194",746.666666667,1,1,51.2024265075212,0.717120819433069,34,0,10200,0,0.208240504905835,0,0.0481451782878881,0.231330770769449,0,0.307352128247651,0.0337202874516307,0.603095632946379,0.327805417357656,0.360420121614151,0.236042012161415,0.00040685461580984,2.81,0.929896907216495,0,0,0,0
"11610","027314043104",520,1,0,41.748106249901,23.5967557064658,34,0,3550,0.491531461437403,0.120687376984332,0.0654376006714596,0,0.286871968743493,0,0.260148656375071,0.0194396798170383,0.502572898799314,0.296169239565466,0.49685534591195,0.00628930817610063,0.000459691252144082,2.94,0.927609427609428,0,1,1,0
"11649","028424050012",360,1,0,26.550869497361,11.1473116210294,20,0,8100,0.386927308119024,0.196854160569269,0,0,0.350777781948791,0,0.23760092272203,0.0219146482122261,0.573241061130334,0.169550173010381,0.314878892733564,0.459054209919262,0.000816608996539792,2.84,1.12585034013605,0,1,0,0
"11652","014300480058",4360,1,0,7.07456935953903,49.5219855167732,35,0,1650,0.628798132352628,0,0,0,0.329800836287304,0,0.0164051355206847,0.014265335235378,0.553495007132668,0.656918687589158,0.0121255349500713,0.0427960057061341,0.000579885877318117,2.84,0.864197530864197,0,0,6,0
"11656","134502930333",130,1,0,1.88482307600237,4.53657416224019,6,0,8100,0,0,0.998695245344711,0,0.001303903092493,0,0.0108166576527853,0.0719307733910222,0.658734451054624,0.652244456462953,0.0914007571660357,0.0762574364521363,0.000333693888588426,3.05,1.51650165016502,0,1,0,0
"11800","040912281104",150,1,0,30.6784989630568,0.395851599523314,21,0,2000,0.00146256002770114,0.0261558034632867,0,0.103767516478464,0.1158540376487,0,0.123260437375746,0.150099403578529,0.44831013916501,0.865805168986084,0.0159045725646123,0.0347912524850895,0.000144135188866799,1.93,1.41458733205374,0,0,0,0
"11826","017203240314",170,1,1,19.7579034659524,0,24,0,2697,0,0.0777865566949816,0,0,0.13726398832572,0,0.245584524810765,0.0538267451640034,0.514718250630782,0.341463414634146,0.157275021026072,0.338099243061396,0.000422203532380151,2.58,1.29347826086957,0,0,0,0
"11838","330603990389",50,1,0,9.36348729459063,0.871022073915407,31,0,2697,0,0,0,0,0.00130390640177267,0,0.174061433447099,0.119453924914676,0.598976109215017,0.918088737201365,0,0.0324232081911263,4.94880546075085e-05,2.12,1.76811594202899,0,0,0,0
"11845","M55W32132520",390,1,0,2.82675452347999,32.5820652969535,41,0,27000,0,0.314630803126733,0,0.0543660060036228,0.271128072286162,0,0.427648578811369,0.0368217054263566,0.416666666666667,0.0555555555555556,0.532945736434108,0.405038759689922,0.000548449612403101,3.25,0.861635220125786,1,0,1,0
"11868","031401620172",300,1,0,28.4418364554538,0.600883868777193,24,0,5500,0.0043348740881281,0.0688090050064224,0,0,0.0931180059515079,0,0.268121041520056,0.0380014074595355,0.451794510907811,0.238564391273751,0.302603800140746,0.447572132301196,0.000283603096410978,4.17,1.51319648093842,0,1,0,0
"11872","036912281104",700,1,1,22.7794495219337,4.03176097733339,23,0,11400,0.195658644327623,0,0,0,0.247672156676563,0,0.0501968503937008,0.44488188976378,0.476377952755905,0.90748031496063,0.0216535433070866,0.0078740157480315,0.000112204724409449,1.71,1.04634146341463,0,1,0,0
"11874","260303640354",70,1,0,27.141491096856,5.46880790757547,25,0,8600,0,0,0,0,0.00130388539531727,0,0.297843665768194,0.0936657681940701,0.494609164420485,0.196091644204852,0.224393530997304,0.481132075471698,0.000413072776280323,3.67,1.16584158415842,0,1,0,0
"11880","261004100420",90,1,0,18.345490750043,0,19,0,6200,0,0.499925629064408,0,0,0.346772989426557,0,0.150903294367694,0.0669500531349628,0.498405951115834,0.772582359192349,0.0690754516471838,0.0191285866099894,0.000191285866099894,2.55,1.69125683060109,0,1,0,0
"11919","222904100420",200,1,1,0,0,19,1,13700,0.268006314138758,0.0178568502796178,0,0.159244165730508,0.261178483276157,0,0.382578992314261,0.0187873612297182,0.457728437233134,0.293766011955593,0.365499573014518,0.112724167378309,0.000621690862510675,3.59,1.25766871165644,0,1,11,0
"11932","234605441711",170,1,0,0,0.265209841156268,26,0,2697,0,0,0,0.753362104025672,0.279043075849609,0,0.179759377211607,0.206652512384996,0.544939844302902,0.900212314225053,0.0127388535031847,0.00849256900212314,7.00636942675159e-05,2.54,1.95833333333333,0,0,52,0
"11950","261802740284",245.714285714,0,0,46.2270527015769,1.69640560372759,19,0,10900,0.00131565819859779,0.000208326443054974,0,0.0375159402863148,0.0432943102078072,0,0.303047728579643,0.109258194364577,0.500862564692352,0.102357676825762,0.439332949971248,0.415756181713629,0.000449108683151236,2.46,0.734576757532281,0,0,6,0
"11964","223022040299",1950,1,0,20.9054029445785,31.9082465996198,22,0,19800,0.574730084550216,0.028407984190255,0,0.00541535296444624,0.203739842991385,0,0.0393578456758156,0.0124287933713102,0.610046607975142,0.804246504401864,0.0207146556188503,0.0580010357327809,7.97514241325738e-05,1.47,1.21537290715373,0,1,10,0
"12105","012206040594",40,1,0,7.09184977467133,0,27,0,2697,0,0,0,0.0341265686735334,0.0750322776741001,0,0.209850107066381,0.11277658815132,0.500356887937188,0.757316202712348,0.0735189150606709,0.0892219842969308,4.71092077087794e-05,2.41,1.80483592400691,0,0,0,0
"12123","002200670077",5443.33333333,0,0,4.97751720277611,820.504414689199,29,1,7900,0.901836265542764,0.0576864854378614,0,0,0.128218191613577,1,0.0350378787878788,0.111268939393939,0.746212121212121,0.359375,0.429924242424242,0.0430871212121212,0.000195075757575758,1.37,0.630522088353414,0,0,4,0
"12128","004726182603",340,1,1,0,0,36,0,9500,0.263253000527925,0.366024764157774,0,0,0.362366300549552,1,0.161704076958314,0.1319285387082,0.45716903344022,0.65277141548328,0.245991754466331,0.0105359596885021,0.000121392579019698,1.73,1.43458475540387,0,0,4,0
"12141","180902890279",1506.25,1,0,26.1954997882336,15.0713834398056,27,0,26000,0.39776718390021,0.00988947387036281,0,0,0.241053779362256,0,0.109844559585492,0.191709844559585,0.43419689119171,0.783419689119171,0,0.0352331606217617,0.000273575129533679,1.87,1.24806201550388,0,1,19,0
"12149","015312241345",950,1,1,0,0,39,0,9500,0.111998688502772,0.115000295943897,0,0.448179322450073,0.304675476411988,0,0.358008934269304,0.013401403956605,0.409061901723038,0.335673261008296,0.550095724313976,0.00574345883854499,0.000536056158264199,3.52,1.30786516853933,0,1,4,0
"12205","015331040048",8730,1,1,0,26.4803257414819,31,0,11500,0.0677463129657515,0.487038034132666,0,0,0.29775586091425,0,0.0164051355206847,0.014265335235378,0.553495007132668,0.656918687589158,0.0121255349500713,0.0427960057061341,0.000579885877318117,2.84,0.864197530864197,0,0,9,0
"12235","182204800490",230,1,0,0,3.66319061714948,21,0,2450,0,0,0.0292607956012883,0.542365037495559,0.266172223266283,0,0.17258064516129,0.130645161290323,0.487096774193548,0.529032258064516,0.341935483870968,0.0903225806451613,0.000224193548387097,2.82,1.62727272727273,0,1,5,0
"12245","004848224823",380,0,0,9.32804955380062,6.95203693160612,48,0,14600,0.0810789292656842,0,0,0,0.141295094338093,0,0.0215716486902928,0.00500770416024653,0.472265023112481,0.831664098613251,0.0327426810477658,0.00924499229583975,0.000275423728813559,2.96,1.46753246753247,0,1,1,0
"12340","1414R94W3308",30,1,0,0.881289112454204,4.23018773978018,16,0,14100,0.187689942291924,0,0.41846922965897,0,0.348539929858916,0,0.347962382445141,0.0417972831765935,0.438871473354232,0.171368861024033,0.427377220480669,0,0.000658307210031348,3.64,1.73764258555133,0,1,0,0
"12353","231115222204",465,1,0,0,5.21977539827082,19,0,14400,0.646847249263189,0.298280846685274,0,0.0228734601739946,0.208992715402553,0,0,0.0959629384513567,0.393117140966248,0.842488418266049,0.0469887491727333,0.028457974851092,9.53011250827267e-05,1.52,1.39719157472417,0,0,0,0
"12365","005800530063",350,1,1,20.5090915298803,2.53198660862719,32,0,2697,0,0,0,0,0.00130394266079563,0,0.0958795562599049,0.0792393026941363,0.489698890649762,0.741679873217116,0.0206022187004754,0.0562599049128368,0.000315372424722662,1.98,1.23390894819466,0,0,0,0
"12381","038413261508",443.333333333,1,0,17.5279714525105,0,23,0,9400,0.174412166369149,0.0687316231619869,0,0,0.23346686778024,0,0.200845665961945,0.00634249471458774,0.563424947145877,0.793868921775899,0.124735729386892,0.0232558139534884,0.000121564482029598,2.54,1.67204301075269,0,1,2,0
"12386","021203640354",70,1,0,15.0687577719901,0.587094458648965,25,0,2697,0.0516578942475431,0.0619015943969649,0,0,0.144430162674583,0,0.201574803149606,0.0803149606299213,0.450393700787402,0.725984251968504,0.047244094488189,0.0897637795275591,0.000337007874015748,2.49,1.46274509803922,0,0,0,0
"12446","019200572815",420,1,1,0,0,38,0,2697,0.258934592893028,0.231259528084848,0,0,0.344124630099202,0,0.0794223826714801,0.00825167612171222,0.522949974213512,0.525528623001547,0.291387313047963,0.0484785972150593,0.000434760185662713,2.72,0.898591549295775,0,0,0,0
"12458","261722270261",175,1,0,19.3036725690569,0.144057257978037,26,0,2697,0.101672262673844,0,0,0,0.164952808086035,0,0.178540772532189,0.0506437768240343,0.488412017167382,0.735622317596566,0.11931330472103,0.088412017167382,0.000374248927038627,2.23,1.47826086956522,0,0,0,0
"12479","310402732904",600,1,0,0,58.5360974843429,32,0,12900,0.435507440688282,0.462642764184977,0,0,0.316528315741126,0,0.0931989924433249,0.0972292191435768,0.550125944584383,0.793954659949622,0.0110831234256927,0.0206549118387909,0.000161209068010076,2.32,1.34992887624467,0,1,4,0
"12496","261615151417",130,1,1,0,66.0996896393286,46,0,6600,0.130050340179891,0.545776265198092,0.11794224071654,0,0.293178046661988,0,0.427648578811369,0.0368217054263566,0.416666666666667,0.0555555555555556,0.532945736434108,0.405038759689922,0.000548449612403101,3.25,0.861635220125786,0,1,1,0
"12542","005602210231",75,1,1,23.6529219041356,0,38,0,2697,0,0.0383770544947113,0,0,0.0820022112051362,0,0.119533527696793,0.0918367346938776,0.478134110787172,0.677842565597668,0.0568513119533528,0.237609329446064,0.000637026239067055,2.09,1.50151975683891,0,0,0,0
"12544","261503690359",100,1,0,23.7121027841296,1.40665016516023,24,0,2697,0,0,0,0,0.00130392109166804,0,0.0984615384615385,0.0738461538461539,0.529230769230769,0.707692307692308,0.0476923076923077,0.08,0.000413846153846154,2.23,1.37370242214533,0,0,0,0
"12564","130800670047",430,0,0,180.34361270975,11.2603635934448,40,2,13400,0.373401833086019,5.3428986701443e-05,0,0,0.220662909265233,0,0.384470292360893,0.0402389185790632,0.538824269097768,0.022948758252122,0.92046526249607,0.0106884627475637,0.000276328198679661,2.58,0.693181818181818,0,1,9,0
"12571","017202540244",180,1,1,29.7770078617114,0,30,0,2697,0,0.25934657174252,0,0.0084241761103111,0.206451880355296,0,0.39023389413213,0.10750923266311,0.457119409109561,0.0356996306934756,0.27041444398851,0.370947886745999,0.000328272466146902,5.09,1.19624217118998,0,0,0,0
"12572","033919041823",280,1,0,18.3734487011692,0.229668108764615,23,0,2697,0,0,0,0,0.00130385802779626,0,0.0662068965517241,0.115862068965517,0.612413793103448,0.961379310344828,0,0.0193103448275862,4.96551724137931e-05,1.8,1.44913151364764,0,0,0,0
"12584","048413261508",453.333333333,1,0,12.541718189989,4.97687229761467,20,0,2697,0.350972417980441,0.0172099723475988,0,0,0.242734161594074,0,0.219934994582882,0.174431202600217,0.501625135427952,0.901408450704225,0.0130010834236186,0.0357529794149512,0.000124593716143012,2.32,1.76884422110553,0,0,3,0
